timestamp,total_workers,active_workers,queue_size,requests_per_second,avg_response_time,environment
2026-02-21T14:57:00.937915,3,3,0,0,0,production
2026-02-21T14:57:05.940448,3,3,0,0,0,production
2026-02-21T14:57:10.941927,3,3,0,0,0,production
2026-02-21T14:57:15.944916,3,3,0,0,0,production
2026-02-21T14:57:20.946281,3,3,0,0,0,production
2026-02-21T14:57:25.947791,3,3,0,0,0,production
2026-02-21T14:57:30.950754,3,3,0,0,0,production
2026-02-21T14:57:35.952262,3,3,0,0,0,production
2026-02-21T14:57:40.954151,3,3,0,0,0,production
2026-02-21T14:57:45.955229,3,3,0,0,0,production
2026-02-21T14:57:50.956703,3,3,0,0,0,production
2026-02-21T14:57:55.959819,3,3,0,0,0,production
2026-02-21T14:58:00.961176,3,3,0,0,0,production
2026-02-21T14:58:05.962418,3,3,0,0,0,production
2026-02-21T14:58:10.964201,3,3,0,0,0,production
2026-02-21T14:58:15.965663,3,3,0,0,0,production
2026-02-21T14:58:20.966927,3,3,0,0,0,production
2026-02-21T14:58:25.968475,3,3,0,0,0,production
2026-02-21T14:58:30.970150,3,3,0,0,0,production
2026-02-21T14:58:35.972460,3,3,0,0,0,production
2026-02-21T14:58:40.974742,3,3,0,0,0,production
2026-02-21T14:58:45.976561,3,3,0,0,0,production
2026-02-21T14:58:50.978572,3,3,0,0,0,production
2026-02-21T14:58:55.981172,3,3,0,0,0,production
2026-02-21T14:59:00.982919,3,3,0,0,0,production
2026-02-21T14:59:05.985091,3,3,0,0,0,production
2026-02-21T14:59:10.987201,3,3,0,0,0,production
2026-02-21T14:59:15.988421,3,3,0,0,0,production
2026-02-21T14:59:20.989574,3,3,0,0,0,production
2026-02-21T14:59:25.991609,3,3,0,0,0,production
2026-02-21T14:59:30.994352,3,3,0,0,0,production
2026-02-21T14:59:35.995958,3,3,0,0,0,production
2026-02-21T14:59:40.998513,3,3,0,0,0,production
2026-02-21T14:59:45.999870,3,3,0,0,0,production
2026-02-21T14:59:51.001684,3,3,0,0,0,production
2026-02-21T14:59:56.003318,3,3,0,0,0,production
2026-02-21T15:00:01.004761,3,3,0,0,0,production
2026-02-21T15:00:06.006039,3,3,0,0,0,production
2026-02-21T15:00:11.007613,3,3,0,0,0,production
2026-02-21T15:00:16.009784,3,3,0,0,0,production
2026-02-21T15:00:21.011654,3,3,0,0,0,production
2026-02-21T15:00:26.013242,3,3,0,0,0,production
2026-02-21T15:00:31.015364,3,3,0,0,0,production
2026-02-21T15:00:36.016875,3,3,0,0,0,production
2026-02-21T15:00:41.018414,3,3,0,0,0,production
2026-02-21T15:00:46.020331,3,3,0,0,0,production
2026-02-21T15:00:51.021958,3,3,0,0,0,production
2026-02-21T15:00:56.023443,3,3,0,0,0,production
2026-02-21T15:01:01.025420,3,3,0,0,0,production
2026-02-21T15:01:06.026728,3,3,0,0,0,production
2026-02-21T15:01:11.028161,3,3,0,0,0,production
2026-02-21T15:01:16.029286,3,3,0,0,0,production
2026-02-21T15:01:21.031367,3,3,0,0,0,production
2026-02-21T15:01:26.032819,3,3,0,0,0,production
2026-02-21T15:01:31.033997,3,3,0,0,0,production
2026-02-21T15:01:36.035438,3,3,0,0,0,production
2026-02-21T15:01:41.037185,3,3,0,0,0,production
2026-02-21T15:01:46.038651,3,3,0,0,0,production
2026-02-21T15:01:51.040384,3,3,0,0,0,production
2026-02-21T15:01:56.042014,3,3,0,0,0,production
2026-02-21T15:02:01.043060,3,3,0,0,0,production
2026-02-21T15:02:06.044391,3,3,0,0,0,production
2026-02-21T15:02:11.046636,3,3,0,0,0,production
2026-02-21T15:02:16.048291,3,3,0,0,0,production
2026-02-21T15:02:21.049568,3,3,0,0,0,production
2026-02-21T15:02:26.052982,3,3,0,0,0,production
2026-02-21T15:02:31.054575,3,3,0,0,0,production
2026-02-21T15:02:36.056885,3,3,0,0,0,production
2026-02-21T15:02:41.059070,3,3,0,0,0,production
2026-02-21T15:02:46.060680,3,3,0,0,0,production
2026-02-21T15:02:51.061867,3,3,0,0,0,production
2026-02-21T15:02:56.063321,3,3,0,0,0,production
2026-02-21T15:03:01.065281,3,3,0,0,0,production
2026-02-21T15:03:06.066963,3,3,0,0,0,production
2026-02-21T15:03:11.068243,3,3,0,0,0,production
2026-02-21T15:03:16.069743,3,3,0,0,0,production
2026-02-21T15:03:21.071820,3,3,0,0,0,production
2026-02-21T15:03:26.073813,3,3,0,0,0,production
2026-02-21T15:03:31.075064,3,3,0,0,0,production
2026-02-21T15:03:36.076871,3,3,0,0,0,production
2026-02-21T15:03:41.078043,3,3,0,0,0,production
2026-02-21T15:03:46.079538,3,3,0,0,0,production
2026-02-21T15:03:51.081206,3,3,0,0,0,production
2026-02-21T15:03:56.082763,3,3,0,0,0,production
2026-02-21T15:04:01.084288,3,3,0,0,0,production
2026-02-21T15:04:06.085668,3,3,0,0,0,production
2026-02-21T15:04:11.087243,3,3,0,0,0,production
2026-02-21T15:04:16.088432,3,3,0,0,0,production
2026-02-21T15:04:21.090154,3,3,0,0,0,production
2026-02-21T15:04:26.092077,3,3,0,0,0,production
2026-02-21T15:04:31.094667,3,3,0,0,0,production
2026-02-21T15:04:36.096214,3,3,0,0,0,production
2026-02-21T15:04:41.099010,3,3,0,0,0,production
2026-02-21T15:04:46.100469,3,3,0,0,0,production
2026-02-21T15:04:51.101563,3,3,0,0,0,production
2026-02-21T15:04:56.104751,3,3,0,0,0,production
2026-02-21T15:05:01.105984,3,3,0,0,0,production
2026-02-21T15:05:06.108936,3,3,0,0,0,production
2026-02-21T15:05:11.111370,3,3,0,0,0,production
2026-02-21T15:05:16.113986,3,3,0,0,0,production
2026-02-21T15:05:21.115954,3,3,0,0,0,production
2026-02-21T15:05:26.117462,3,3,0,0,0,production
2026-02-21T15:05:31.120864,3,3,0,0,0,production
2026-02-21T15:05:36.123341,3,3,0,0,0,production
2026-02-21T15:05:41.124834,3,3,0,0,0,production
2026-02-21T15:05:46.126377,3,3,0,0,0,production
2026-02-21T15:05:51.128206,3,3,0,0,0,production
2026-02-21T15:05:56.130430,3,3,0,0,0,production
2026-02-21T15:06:01.133459,3,3,0,0,0,production
2026-02-21T15:06:06.134971,3,3,0,0,0,production
2026-02-21T15:06:11.136264,3,3,0,0,0,production
2026-02-21T15:06:16.138458,3,3,0,0,0,production
2026-02-21T15:06:21.141788,3,3,0,0,0,production
2026-02-21T15:06:26.143939,3,3,0,0,0,production
2026-02-21T15:06:31.145290,3,3,0,0,0,production
2026-02-21T15:06:36.146422,3,3,0,0,0,production
2026-02-21T15:06:41.148830,3,3,0,0,0,production
2026-02-21T15:06:46.150960,3,3,0,0,0,production
2026-02-21T15:06:51.153114,3,3,0,0,0,production
2026-02-21T15:06:56.154933,3,3,0,0,0,production
2026-02-21T15:07:01.156910,3,3,0,0,0,production
2026-02-21T15:07:06.158746,3,3,0,0,0,production
2026-02-21T15:07:11.162117,3,3,0,0,0,production
2026-02-21T15:07:16.163879,3,3,0,0,0,production
2026-02-21T15:07:21.167420,3,3,0,0,0,production
2026-02-21T15:07:26.168518,3,3,0,0,0,production
2026-02-21T15:07:31.170019,3,3,0,0,0,production
2026-02-21T15:07:36.171857,3,3,0,0,0,production
2026-02-21T15:07:41.173885,3,3,0,0,0,production
2026-02-21T15:07:46.176094,3,3,0,0,0,production
2026-02-21T15:07:51.179136,3,3,0,0,0,production
2026-02-21T15:07:56.180942,3,3,0,0,0,production
2026-02-21T15:08:01.183020,3,3,0,0,0,production
2026-02-21T15:08:06.185089,3,3,0,0,0,production
2026-02-21T15:08:11.186442,3,3,0,0,0,production
2026-02-21T15:08:16.188890,3,3,0,0,0,production
2026-02-21T15:08:21.190399,3,3,0,0,0,production
2026-02-21T15:08:26.192558,3,3,0,0,0,production
2026-02-21T15:08:31.195851,3,3,0,0,0,production
2026-02-21T15:08:36.197580,3,3,0,0,0,production
2026-02-21T15:08:41.199075,3,3,0,0,0,production
2026-02-21T15:08:46.201522,3,3,0,0,0,production
2026-02-21T15:08:51.203642,3,3,0,0,0,production
2026-02-21T15:08:56.206294,3,3,0,0,0,production
2026-02-21T15:09:01.208904,3,3,0,0,0,production
2026-02-21T15:09:06.211809,3,3,0,0,0,production
2026-02-21T15:09:11.212997,3,3,0,0,0,production
2026-02-21T15:09:16.215757,3,3,0,0,0,production
2026-02-21T15:09:21.217590,3,3,0,0,0,production
2026-02-21T15:09:26.219122,3,3,0,0,0,production
2026-02-21T15:09:31.220413,3,3,0,0,0,production
2026-02-21T15:09:36.222518,3,3,0,0,0,production
2026-02-21T15:09:41.225591,3,3,0,0,0,production
2026-02-21T15:09:46.228733,3,3,0,0,0,production
2026-02-21T15:09:51.231494,3,3,0,0,0,production
2026-02-21T15:09:56.233613,3,3,0,0,0,production
2026-02-21T15:10:01.235338,3,3,0,0,0,production
2026-02-21T15:10:06.236456,3,3,0,0,0,production
2026-02-21T15:10:11.238760,3,3,0,0,0,production
2026-02-21T15:10:16.240133,3,3,0,0,0,production
2026-02-21T15:10:21.241391,3,3,0,0,0,production
2026-02-21T15:10:26.242958,3,3,0,0,0,production
2026-02-21T15:10:31.244379,3,3,0,0,0,production
2026-02-21T15:10:36.245445,3,3,0,0,0,production
2026-02-21T15:10:41.246466,3,3,0,0,0,production
2026-02-21T15:10:46.248418,3,3,0,0,0,production
2026-02-21T15:10:51.250337,3,3,0,0,0,production
2026-02-21T15:10:56.251937,3,3,0,0,0,production
2026-02-21T15:11:01.254414,3,3,0,0,0,production
2026-02-21T15:11:06.257475,3,3,0,0,0,production
2026-02-21T15:11:11.259454,3,3,0,0,0,production
2026-02-21T15:11:16.262044,3,3,0,0,0,production
2026-02-21T15:11:21.264161,3,3,0,0,0,production
2026-02-21T15:11:26.266667,3,3,0,0,0,production
2026-02-21T15:11:31.268523,3,3,0,0,0,production
2026-02-21T15:11:36.271647,3,3,0,0,0,production
2026-02-21T15:11:41.274263,3,3,0,0,0,production
2026-02-21T15:11:46.275407,3,3,0,0,0,production
2026-02-21T15:11:51.277496,3,3,0,0,0,production
2026-02-21T15:11:56.279718,3,3,0,0,0,production
2026-02-21T15:12:01.281236,3,3,0,0,0,production
2026-02-21T15:12:06.283277,3,3,0,0,0,production
2026-02-21T15:12:11.284695,3,3,0,0,0,production
2026-02-21T15:12:16.286297,3,3,0,0,0,production
2026-02-21T15:12:21.288510,3,3,0,0,0,production
2026-02-21T15:12:26.290751,3,3,0,0,0,production
2026-02-21T15:12:31.292977,3,3,0,0,0,production
2026-02-21T15:12:36.295513,3,3,0,0,0,production
2026-02-21T15:12:41.297738,3,3,0,0,0,production
2026-02-21T15:12:46.299372,3,3,0,0,0,production
2026-02-21T15:12:51.300856,3,3,0,0,0,production
2026-02-21T15:12:56.302299,3,3,0,0,0,production
2026-02-21T15:13:01.303677,3,3,0,0,0,production
2026-02-21T15:13:06.304919,3,3,0,0,0,production
2026-02-21T15:13:11.306223,3,3,0,0,0,production
2026-02-21T15:13:16.308041,3,3,0,0,0,production
2026-02-21T15:13:21.309877,3,3,0,0,0,production
2026-02-21T15:13:26.311498,3,3,0,0,0,production
2026-02-21T15:13:31.313118,3,3,0,0,0,production
2026-02-21T15:13:36.315217,3,3,0,0,0,production
2026-02-21T15:13:41.317882,3,3,0,0,0,production
2026-02-21T15:13:46.319114,3,3,0,0,0,production
2026-02-21T15:13:51.320751,3,3,0,0,0,production
2026-02-21T15:13:56.322255,3,3,0,0,0,production
2026-02-21T15:14:01.324850,3,3,0,0,0,production
2026-02-21T15:14:06.326315,3,3,0,0,0,production
2026-02-21T15:14:11.329216,3,3,0,0,0,production
2026-02-21T15:14:16.330679,3,3,0,0,0,production
2026-02-21T15:14:21.332178,3,3,0,0,0,production
2026-02-21T15:14:26.335104,3,3,0,0,0,production
2026-02-21T15:14:31.336437,3,3,0,0,0,production
2026-02-21T15:14:36.338292,3,3,0,0,0,production
2026-02-21T15:14:41.339947,3,3,0,0,0,production
2026-02-21T15:14:46.341634,3,3,0,0,0,production
2026-02-21T15:14:51.343019,3,3,0,0,0,production
2026-02-21T15:14:56.344578,3,3,0,0,0,production
2026-02-21T15:15:01.347199,3,3,0,0,0,production
2026-02-21T15:15:06.348631,3,3,0,0,0,production
2026-02-21T15:15:11.349816,3,3,0,0,0,production
2026-02-21T15:15:16.351208,3,3,0,0,0,production
2026-02-21T15:15:21.353105,3,3,0,0,0,production
2026-02-21T15:15:26.354837,3,3,0,0,0,production
2026-02-21T15:15:31.355928,3,3,0,0,0,production
2026-02-21T15:15:36.358049,3,3,0,0,0,production
2026-02-21T15:15:41.360453,3,3,0,0,0,production
2026-02-21T15:15:46.362280,3,3,0,0,0,production
2026-02-21T15:15:51.364304,3,3,0,0,0,production
2026-02-21T15:15:56.365474,3,3,0,0,0,production
2026-02-21T15:16:01.367102,3,3,0,0,0,production
2026-02-21T15:16:06.369126,3,3,0,0,0,production
2026-02-21T15:16:11.370671,3,3,0,0,0,production
2026-02-21T15:16:16.371986,3,3,0,0,0,production
2026-02-21T15:16:21.374267,3,3,0,0,0,production
2026-02-21T15:16:26.375659,3,3,0,0,0,production
2026-02-21T15:16:31.377280,3,3,0,0,0,production
2026-02-21T15:16:36.378646,3,3,0,0,0,production
2026-02-21T15:16:41.379922,3,3,0,0,0,production
2026-02-21T15:16:46.382449,3,3,0,0,0,production
2026-02-21T15:16:51.383545,3,3,0,0,0,production
2026-02-21T15:16:56.385601,3,3,0,0,0,production
2026-02-21T15:17:01.387691,3,3,0,0,0,production
2026-02-21T15:17:06.390397,3,3,0,0,0,production
2026-02-21T15:17:11.392745,3,3,0,0,0,production
2026-02-21T15:17:16.394078,3,3,0,0,0,production
2026-02-21T15:17:21.395978,3,3,0,0,0,production
2026-02-21T15:17:26.398492,3,3,0,0,0,production
2026-02-21T15:17:31.399697,3,3,0,0,0,production
2026-02-21T15:17:36.402502,3,3,0,0,0,production
2026-02-21T15:17:41.404308,3,3,0,0,0,production
2026-02-21T15:17:46.407041,3,3,0,0,0,production
2026-02-21T15:17:51.409776,3,3,0,0,0,production
2026-02-21T15:17:56.412534,3,3,0,0,0,production
2026-02-21T15:18:01.414762,3,3,0,0,0,production
2026-02-21T15:18:06.417524,3,3,0,0,0,production
2026-02-21T15:18:11.420425,3,3,0,0,0,production
2026-02-21T15:18:16.423262,3,3,0,0,0,production
2026-02-21T15:18:21.425741,3,3,0,0,0,production
2026-02-21T15:18:26.427997,3,3,0,0,0,production
2026-02-21T15:18:31.430811,3,3,0,0,0,production
2026-02-21T15:18:36.433552,3,3,0,0,0,production
2026-02-21T15:18:41.439160,3,3,0,0,0,production
2026-02-21T15:18:46.442292,3,3,0,0,0,production
2026-02-21T15:18:51.444070,3,3,0,0,0,production
2026-02-21T15:18:56.447628,3,3,0,0,0,production
2026-02-21T15:19:01.450605,3,3,0,0,0,production
2026-02-21T15:19:06.453331,3,3,0,0,0,production
2026-02-21T15:19:11.455986,3,3,0,0,0,production
2026-02-21T15:19:16.458725,3,3,0,0,0,production
2026-02-21T15:19:21.461595,3,3,0,0,0,production
2026-02-21T15:19:26.463414,3,3,0,0,0,production
2026-02-21T15:19:31.465164,3,3,0,0,0,production
2026-02-21T15:19:36.467752,3,3,0,0,0,production
2026-02-21T15:19:41.469525,3,3,0,0,0,production
2026-02-21T15:19:46.472305,3,3,0,0,0,production
2026-02-21T15:19:51.475086,3,3,0,0,0,production
2026-02-21T15:19:56.477303,3,3,0,0,0,production
2026-02-21T15:20:01.480395,3,3,0,0,0,production
2026-02-21T15:20:06.483521,3,3,0,0,0,production
2026-02-21T15:20:11.486307,3,3,0,0,0,production
2026-02-21T15:20:16.489755,3,3,0,0,0,production
2026-02-21T15:20:21.493509,3,3,0,0,0,production
2026-02-21T15:20:26.496725,3,3,0,0,0,production
2026-02-21T15:20:31.497914,3,3,0,0,0,production
2026-02-21T15:20:36.500234,3,3,0,0,0,production
2026-02-21T15:20:41.502782,3,3,0,0,0,production
2026-02-21T15:20:46.505176,3,3,0,0,0,production
2026-02-21T15:20:51.507622,3,3,0,0,0,production
2026-02-21T15:20:56.510294,3,3,0,0,0,production
2026-02-21T15:21:01.513037,3,3,0,0,0,production
2026-02-21T15:21:06.515152,3,3,0,0,0,production
2026-02-21T15:21:11.516629,3,3,0,0,0,production
2026-02-21T15:21:16.519113,3,3,0,0,0,production
2026-02-21T15:21:21.521824,3,3,0,0,0,production
2026-02-21T15:21:26.523766,3,3,0,0,0,production
2026-02-21T15:21:31.525851,3,3,0,0,0,production
2026-02-21T15:21:36.527992,3,3,0,0,0,production
2026-02-21T15:21:41.529440,3,3,0,0,0,production
2026-02-21T15:21:46.530827,3,3,0,0,0,production
2026-02-21T15:21:51.534859,3,3,0,0,0,production
2026-02-21T15:21:56.536276,3,3,0,0,0,production
2026-02-21T15:22:01.537728,3,3,0,0,0,production
2026-02-21T15:22:06.539409,3,3,0,0,0,production
2026-02-21T15:22:11.541253,3,3,0,0,0,production
2026-02-21T15:22:16.543064,3,3,0,0,0,production
2026-02-21T15:22:21.545448,3,3,0,0,0,production
2026-02-21T15:22:26.546621,3,3,0,0,0,production
2026-02-21T15:22:31.548099,3,3,0,0,0,production
2026-02-21T15:22:36.551002,3,3,0,0,0,production
2026-02-21T15:22:41.552977,3,3,0,0,0,production
2026-02-21T15:22:46.554936,3,3,0,0,0,production
2026-02-21T15:22:51.557761,3,3,0,0,0,production
2026-02-21T15:22:56.559085,3,3,0,0,0,production
2026-02-21T15:23:01.561221,3,3,0,0,0,production
2026-02-21T15:23:06.563838,3,3,0,0,0,production
2026-02-21T15:23:11.566523,3,3,0,0,0,production
2026-02-21T15:23:16.568653,3,3,0,0,0,production
2026-02-21T15:23:21.570090,3,3,0,0,0,production
2026-02-21T15:23:26.573166,3,3,0,0,0,production
2026-02-21T15:23:31.574728,3,3,0,0,0,production
2026-02-21T15:23:36.577233,3,3,0,0,0,production
2026-02-21T15:23:41.580136,3,3,0,0,0,production
2026-02-21T15:23:46.581780,3,3,0,0,0,production
2026-02-21T15:23:51.585375,3,3,0,0,0,production
2026-02-21T15:23:56.586812,3,3,0,0,0,production
2026-02-21T15:24:01.588608,3,3,0,0,0,production
2026-02-21T15:24:06.591085,3,3,0,0,0,production
2026-02-21T15:24:11.592645,3,3,0,0,0,production
2026-02-21T15:24:16.595197,3,3,0,0,0,production
2026-02-21T15:24:21.596532,3,3,0,0,0,production
2026-02-21T15:24:26.597879,3,3,0,0,0,production
2026-02-21T15:24:31.599956,3,3,0,0,0,production
2026-02-21T15:24:36.601899,3,3,0,0,0,production
2026-02-21T15:24:41.603579,3,3,0,0,0,production
2026-02-21T15:24:46.605780,3,3,0,0,0,production
2026-02-21T15:24:51.608256,3,3,0,0,0,production
2026-02-21T15:24:56.610906,3,3,0,0,0,production
2026-02-21T15:25:01.613182,3,3,0,0,0,production
2026-02-21T15:25:06.615465,3,3,0,0,0,production
2026-02-21T15:25:11.618351,3,3,0,0,0,production
2026-02-21T15:25:16.621051,3,3,0,0,0,production
2026-02-21T15:25:21.623174,3,3,0,0,0,production
2026-02-21T15:25:26.624653,3,3,0,0,0,production
2026-02-21T15:25:31.626066,3,3,0,0,0,production
2026-02-21T15:25:36.627196,3,3,0,0,0,production
2026-02-21T15:25:41.629071,3,3,0,0,0,production
2026-02-21T15:25:46.630566,3,3,0,0,0,production
2026-02-21T15:25:51.632051,3,3,0,0,0,production
2026-02-21T15:25:56.633681,3,3,0,0,0,production
2026-02-21T15:26:01.634923,3,3,0,0,0,production
2026-02-21T15:26:06.636038,3,3,0,0,0,production
2026-02-21T15:26:11.637956,3,3,0,0,0,production
2026-02-21T15:26:16.639439,3,3,0,0,0,production
2026-02-21T15:26:21.641234,3,3,0,0,0,production
2026-02-21T15:26:26.642557,3,3,0,0,0,production
2026-02-21T15:26:31.644241,3,3,0,0,0,production
2026-02-21T15:26:36.645667,3,3,0,0,0,production
2026-02-21T15:26:41.648422,3,3,0,0,0,production
2026-02-21T15:26:46.649552,3,3,0,0,0,production
2026-02-21T15:26:51.651196,3,3,0,0,0,production
2026-02-21T15:26:56.652627,3,3,0,0,0,production
2026-02-21T15:27:01.655230,3,3,0,0,0,production
2026-02-21T15:27:06.656156,3,3,0,0,0,production
2026-02-21T15:27:11.657871,3,3,0,0,0,production
2026-02-21T15:27:16.659809,3,3,0,0,0,production
2026-02-21T15:27:21.662102,3,3,0,0,0,production
2026-02-21T15:27:26.664741,3,3,0,0,0,production
2026-02-21T15:27:31.666574,3,3,0,0,0,production
2026-02-21T15:27:36.668280,3,3,0,0,0,production
2026-02-21T15:27:41.670293,3,3,0,0,0,production
2026-02-21T15:27:46.672227,3,3,0,0,0,production
2026-02-21T15:27:51.673536,3,3,0,0,0,production
2026-02-21T15:27:56.675258,3,3,0,0,0,production
2026-02-21T15:28:01.677853,3,3,0,0,0,production
2026-02-21T15:28:06.678935,3,3,0,0,0,production
2026-02-21T15:28:11.680573,3,3,0,0,0,production
2026-02-21T15:28:16.682881,3,3,0,0,0,production
2026-02-21T15:28:21.685522,3,3,0,0,0,production
2026-02-21T15:28:26.687857,3,3,0,0,0,production
2026-02-21T15:28:31.688924,3,3,0,0,0,production
2026-02-21T15:28:36.690373,3,3,0,0,0,production
2026-02-21T15:28:41.692485,3,3,0,0,0,production
2026-02-21T15:28:46.694589,3,3,0,0,0,production
2026-02-21T15:28:51.697229,3,3,0,0,0,production
2026-02-21T15:28:56.699659,3,3,0,0,0,production
2026-02-21T15:29:01.702020,3,3,0,0,0,production
2026-02-21T15:29:06.703950,3,3,0,0,0,production
2026-02-21T15:29:11.705859,3,3,0,0,0,production
2026-02-21T15:29:16.706918,3,3,0,0,0,production
2026-02-21T15:29:21.708303,3,3,0,0,0,production
2026-02-21T15:29:26.710973,3,3,0,0,0,production
2026-02-21T15:29:31.713360,3,3,0,0,0,production
2026-02-21T15:29:36.714468,3,3,0,0,0,production
2026-02-21T15:29:41.716628,3,3,0,0,0,production
2026-02-21T15:29:46.718277,3,3,0,0,0,production
2026-02-21T15:29:51.720933,3,3,0,0,0,production
2026-02-21T15:29:56.721974,3,3,0,0,0,production
2026-02-21T15:30:01.723397,3,3,0,0,0,production
2026-02-21T15:30:06.724961,3,3,0,0,0,production
2026-02-21T15:30:11.726772,3,3,0,0,0,production
2026-02-21T15:30:16.728158,3,3,0,0,0,production
2026-02-21T15:30:21.730104,3,3,0,0,0,production
2026-02-21T15:30:26.732762,3,3,0,0,0,production
2026-02-21T15:30:31.734432,3,3,0,0,0,production
2026-02-21T15:30:36.736413,3,3,0,0,0,production
2026-02-21T15:30:41.737475,3,3,0,0,0,production
2026-02-21T15:30:46.740074,3,3,0,0,0,production
2026-02-21T15:30:51.743587,3,3,0,0,0,production
2026-02-21T15:30:56.746176,3,3,0,0,0,production
2026-02-21T15:31:01.747245,3,3,0,0,0,production
2026-02-21T15:31:06.748321,3,3,0,0,0,production
2026-02-21T15:31:11.750789,3,3,0,0,0,production
2026-02-21T15:31:16.752793,3,3,0,0,0,production
2026-02-21T15:31:21.755612,3,3,0,0,0,production
2026-02-21T15:31:26.758353,3,3,0,0,0,production
2026-02-21T15:31:31.759901,3,3,0,0,0,production
2026-02-21T15:31:36.762138,3,3,0,0,0,production
2026-02-21T15:31:41.763997,3,3,0,0,0,production
2026-02-21T15:31:46.767014,3,3,0,0,0,production
2026-02-21T15:31:51.769405,3,3,0,0,0,production
2026-02-21T15:31:56.771871,3,3,0,0,0,production
2026-02-21T15:32:01.774749,3,3,0,0,0,production
2026-02-21T15:32:06.777291,3,3,0,0,0,production
2026-02-21T15:32:11.780630,3,3,0,0,0,production
2026-02-21T15:32:16.783198,3,3,0,0,0,production
2026-02-21T15:32:21.785986,3,3,0,0,0,production
2026-02-21T15:32:26.788640,3,3,0,0,0,production
2026-02-21T15:32:31.790363,3,3,0,0,0,production
2026-02-21T15:32:36.793487,3,3,0,0,0,production
2026-02-21T15:32:41.795599,3,3,0,0,0,production
2026-02-21T15:32:46.798634,3,3,0,0,0,production
2026-02-21T15:32:51.801158,3,3,0,0,0,production
2026-02-21T15:32:56.802535,3,3,0,0,0,production
2026-02-21T15:33:01.805237,3,3,0,0,0,production
2026-02-21T15:33:06.808411,3,3,0,0,0,production
2026-02-21T15:33:11.810765,3,3,0,0,0,production
2026-02-21T15:33:16.813003,3,3,0,0,0,production
2026-02-21T15:33:21.815263,3,3,0,0,0,production
2026-02-21T15:33:26.816874,3,3,0,0,0,production
2026-02-21T15:33:31.818883,3,3,0,0,0,production
2026-02-21T15:33:36.820499,3,3,0,0,0,production
2026-02-21T15:33:41.822332,3,3,0,0,0,production
2026-02-21T15:33:46.823598,3,3,0,0,0,production
2026-02-21T15:33:51.825291,3,3,0,0,0,production
2026-02-21T15:33:56.826887,3,3,0,0,0,production
2026-02-21T15:34:01.829731,3,3,0,0,0,production
2026-02-21T15:34:06.830892,3,3,0,0,0,production
2026-02-21T15:34:11.832453,3,3,0,0,0,production
2026-02-21T15:34:16.834331,3,3,0,0,0,production
2026-02-21T15:34:21.836387,3,3,0,0,0,production
2026-02-21T15:34:26.839212,3,3,0,0,0,production
2026-02-21T15:34:31.841017,3,3,0,0,0,production
2026-02-21T15:34:36.843699,3,3,0,0,0,production
2026-02-21T15:34:41.845153,3,3,0,0,0,production
2026-02-21T15:34:46.846948,3,3,0,0,0,production
2026-02-21T15:34:51.848972,3,3,0,0,0,production
2026-02-21T15:34:56.851266,3,3,0,0,0,production
2026-02-21T15:35:01.853222,3,3,0,0,0,production
2026-02-21T15:35:06.855680,3,3,0,0,0,production
2026-02-21T15:35:11.857429,3,3,0,0,0,production
2026-02-21T15:35:16.859855,3,3,0,0,0,production
2026-02-21T15:35:21.862361,3,3,0,0,0,production
2026-02-21T15:35:26.864008,3,3,0,0,0,production
2026-02-21T15:35:31.865592,3,3,0,0,0,production
2026-02-21T15:35:36.868446,3,3,0,0,0,production
2026-02-21T15:35:41.870880,3,3,0,0,0,production
2026-02-21T15:35:46.873072,3,3,0,0,0,production
2026-02-21T15:35:51.876036,3,3,0,0,0,production
2026-02-21T15:35:56.877277,3,3,0,0,0,production
2026-02-21T15:36:01.879277,3,3,0,0,0,production
2026-02-21T15:36:06.880753,3,3,0,0,0,production
2026-02-21T15:36:11.883325,3,3,0,0,0,production
2026-02-21T15:36:16.885884,3,3,0,0,0,production
2026-02-21T15:36:21.888429,3,3,0,0,0,production
2026-02-21T15:36:26.891075,3,3,0,0,0,production
2026-02-21T15:36:31.894225,3,3,0,0,0,production
2026-02-21T15:36:36.896874,3,3,0,0,0,production
2026-02-21T15:36:41.899464,3,3,0,0,0,production
2026-02-21T15:36:46.901991,3,3,0,0,0,production
2026-02-21T15:36:51.904095,3,3,0,0,0,production
2026-02-21T15:36:56.907097,3,3,0,0,0,production
2026-02-21T15:37:01.909542,3,3,0,0,0,production
2026-02-21T15:37:06.912895,3,3,0,0,0,production
2026-02-21T15:37:11.914975,3,3,0,0,0,production
2026-02-21T15:37:16.917734,3,3,0,0,0,production
2026-02-21T15:37:21.920154,3,3,0,0,0,production
2026-02-21T15:37:26.922486,3,3,0,0,0,production
2026-02-21T15:37:31.924989,3,3,0,0,0,production
2026-02-21T15:37:36.926616,3,3,0,0,0,production
2026-02-21T15:37:41.928830,3,3,0,0,0,production
2026-02-21T15:37:46.930384,3,3,0,0,0,production
2026-02-21T15:37:51.933014,3,3,0,0,0,production
2026-02-21T15:37:56.935648,3,3,0,0,0,production
2026-02-21T15:38:01.938654,3,3,0,0,0,production
2026-02-21T15:38:06.941609,3,3,0,0,0,production
2026-02-21T15:38:11.944087,3,3,0,0,0,production
2026-02-21T15:38:16.946168,3,3,0,0,0,production
2026-02-21T15:38:21.948557,3,3,0,0,0,production
2026-02-21T15:38:26.949753,3,3,0,0,0,production
2026-02-21T15:38:31.952384,3,3,0,0,0,production
2026-02-21T15:38:36.955675,3,3,0,0,0,production
2026-02-21T15:38:41.958297,3,3,0,0,0,production
2026-02-21T15:38:46.960226,3,3,0,0,0,production
2026-02-21T15:38:51.962389,3,3,0,0,0,production
2026-02-21T15:38:56.963916,3,3,0,0,0,production
2026-02-21T15:39:01.965505,3,3,0,0,0,production
2026-02-21T15:39:06.966919,3,3,0,0,0,production
2026-02-21T15:39:11.969390,3,3,0,0,0,production
2026-02-21T15:39:16.972426,3,3,0,0,0,production
2026-02-21T15:39:21.975075,3,3,0,0,0,production
2026-02-21T15:39:26.976675,3,3,0,0,0,production
2026-02-21T15:39:31.979200,3,3,0,0,0,production
2026-02-21T15:39:36.982130,3,3,0,0,0,production
2026-02-21T15:39:41.984408,3,3,0,0,0,production
2026-02-21T15:39:46.987038,3,3,0,0,0,production
2026-02-21T15:39:51.988543,3,3,0,0,0,production
2026-02-21T15:39:56.990876,3,3,0,0,0,production
2026-02-21T15:40:01.993983,3,3,0,0,0,production
2026-02-21T15:40:06.995541,3,3,0,0,0,production
2026-02-21T15:40:11.998197,3,3,0,0,0,production
2026-02-21T15:40:17.000754,3,3,0,0,0,production
2026-02-21T15:40:22.004276,3,3,0,0,0,production
2026-02-21T15:40:27.006774,3,3,0,0,0,production
2026-02-21T15:40:32.009629,3,3,0,0,0,production
2026-02-21T15:40:37.011872,3,3,0,0,0,production
2026-02-21T15:40:42.013523,3,3,0,0,0,production
2026-02-21T15:40:47.015638,3,3,0,0,0,production
2026-02-21T15:40:52.018153,3,3,0,0,0,production
2026-02-21T15:40:57.020555,3,3,0,0,0,production
2026-02-21T15:41:02.024280,3,3,0,0,0,production
2026-02-21T15:41:07.026284,3,3,0,0,0,production
2026-02-21T15:41:12.028792,3,3,0,0,0,production
2026-02-21T15:41:17.031796,3,3,0,0,0,production
2026-02-21T15:41:22.034155,3,3,0,0,0,production
2026-02-21T15:41:27.035643,3,3,0,0,0,production
2026-02-21T15:41:32.037276,3,3,0,0,0,production
2026-02-21T15:41:37.039163,3,3,0,0,0,production
2026-02-21T15:41:42.040491,3,3,0,0,0,production
2026-02-21T15:41:47.042700,3,3,0,0,0,production
2026-02-21T15:41:52.044588,3,3,0,0,0,production
2026-02-21T15:41:57.046598,3,3,0,0,0,production
2026-02-21T15:42:02.048853,3,3,0,0,0,production
2026-02-21T15:42:07.051417,3,3,0,0,0,production
2026-02-21T15:42:12.053656,3,3,0,0,0,production
2026-02-21T15:42:17.054968,3,3,0,0,0,production
2026-02-21T15:42:22.057732,3,3,0,0,0,production
2026-02-21T15:42:27.060348,3,3,0,0,0,production
2026-02-21T15:42:32.061621,3,3,0,0,0,production
2026-02-21T15:42:37.064437,3,3,0,0,0,production
2026-02-21T15:42:42.066062,3,3,0,0,0,production
2026-02-21T15:42:47.068290,3,3,0,0,0,production
2026-02-21T15:42:52.071096,3,3,0,0,0,production
2026-02-21T15:42:57.073743,3,3,0,0,0,production
2026-02-21T15:43:02.075985,3,3,0,0,0,production
2026-02-21T15:43:07.078255,3,3,0,0,0,production
2026-02-21T15:43:12.080634,3,3,0,0,0,production
2026-02-21T15:43:17.083195,3,3,0,0,0,production
2026-02-21T15:43:22.085802,3,3,0,0,0,production
2026-02-21T15:43:27.088517,3,3,0,0,0,production
2026-02-21T15:43:32.089621,3,3,0,0,0,production
2026-02-21T15:43:37.092772,3,3,0,0,0,production
2026-02-21T15:43:42.095600,3,3,0,0,0,production
2026-02-21T15:43:47.098005,3,3,0,0,0,production
2026-02-21T15:43:52.100822,3,3,0,0,0,production
2026-02-21T15:43:57.102912,3,3,0,0,0,production
2026-02-21T15:44:02.105373,3,3,0,0,0,production
2026-02-21T15:44:07.107314,3,3,0,0,0,production
2026-02-21T15:44:12.110001,3,3,0,0,0,production
2026-02-21T15:44:17.112624,3,3,0,0,0,production
2026-02-21T15:44:22.115137,3,3,0,0,0,production
2026-02-21T15:44:27.117993,3,3,0,0,0,production
2026-02-21T15:44:32.120803,3,3,0,0,0,production
2026-02-21T15:44:37.123639,3,3,0,0,0,production
2026-02-21T15:44:42.126922,3,3,0,0,0,production
2026-02-21T15:44:47.130675,3,3,0,0,0,production
2026-02-21T15:44:52.133871,3,3,0,0,0,production
2026-02-21T15:44:57.136450,3,3,0,0,0,production
2026-02-21T15:45:02.138906,3,3,0,0,0,production
2026-02-21T15:45:07.141535,3,3,0,0,0,production
2026-02-21T15:45:12.143234,3,3,0,0,0,production
2026-02-21T15:45:17.145558,3,3,0,0,0,production
2026-02-21T15:45:22.147065,3,3,0,0,0,production
2026-02-21T15:45:27.149943,3,3,0,0,0,production
2026-02-21T15:45:32.152763,3,3,0,0,0,production
2026-02-21T15:45:37.155123,3,3,0,0,0,production
2026-02-21T15:45:42.156581,3,3,0,0,0,production
2026-02-21T15:45:47.159226,3,3,0,0,0,production
2026-02-21T15:45:52.161895,3,3,0,0,0,production
2026-02-21T15:45:57.163689,3,3,0,0,0,production
2026-02-21T15:46:02.167229,3,3,0,0,0,production
2026-02-21T15:46:07.169156,3,3,0,0,0,production
2026-02-21T15:46:12.171780,3,3,0,0,0,production
2026-02-21T15:46:17.173980,3,3,0,0,0,production
2026-02-21T15:46:22.176237,3,3,0,0,0,production
2026-02-21T15:46:27.177547,3,3,0,0,0,production
2026-02-21T15:46:32.180750,3,3,0,0,0,production
2026-02-21T15:46:37.183656,3,3,0,0,0,production
2026-02-21T15:46:42.186225,3,3,0,0,0,production
2026-02-21T15:46:47.188409,3,3,0,0,0,production
2026-02-21T15:46:52.190977,3,3,0,0,0,production
2026-02-21T15:46:57.193383,3,3,0,0,0,production
2026-02-21T15:47:02.195615,3,3,0,0,0,production
2026-02-21T15:47:07.198221,3,3,0,0,0,production
2026-02-21T15:47:12.200866,3,3,0,0,0,production
2026-02-21T15:47:17.204741,3,3,0,0,0,production
2026-02-21T15:47:22.206669,3,3,0,0,0,production
2026-02-21T15:47:27.208135,3,3,0,0,0,production
2026-02-21T15:47:32.211084,3,3,0,0,0,production
2026-02-21T15:47:37.212957,3,3,0,0,0,production
2026-02-21T15:47:42.214873,3,3,0,0,0,production
2026-02-21T15:47:47.217290,3,3,0,0,0,production
2026-02-21T15:47:52.218874,3,3,0,0,0,production
2026-02-21T15:47:57.220950,3,3,0,0,0,production
2026-02-21T15:48:02.223755,3,3,0,0,0,production
2026-02-21T15:48:07.225940,3,3,0,0,0,production
2026-02-21T15:48:12.227698,3,3,0,0,0,production
2026-02-21T15:48:17.230122,3,3,0,0,0,production
2026-02-21T15:48:22.232911,3,3,0,0,0,production
2026-02-21T15:48:27.235818,3,3,0,0,0,production
2026-02-21T15:48:32.238230,3,3,0,0,0,production
2026-02-21T15:48:37.240429,3,3,0,0,0,production
2026-02-21T15:48:42.243067,3,3,0,0,0,production
2026-02-21T15:48:47.245348,3,3,0,0,0,production
2026-02-21T15:48:52.248597,3,3,0,0,0,production
2026-02-21T15:48:57.251621,3,3,0,0,0,production
2026-02-21T15:49:02.254505,3,3,0,0,0,production
2026-02-21T15:49:07.255811,3,3,0,0,0,production
2026-02-21T15:49:12.257752,3,3,0,0,0,production
2026-02-21T15:49:17.259341,3,3,0,0,0,production
2026-02-21T15:49:22.261817,3,3,0,0,0,production
2026-02-21T15:49:27.264311,3,3,0,0,0,production
2026-02-21T15:49:32.267698,3,3,0,0,0,production
2026-02-21T15:49:37.270649,3,3,0,0,0,production
2026-02-21T15:49:42.273113,3,3,0,0,0,production
2026-02-21T15:49:47.275577,3,3,0,0,0,production
2026-02-21T15:49:52.277897,3,3,0,0,0,production
2026-02-21T15:49:57.280904,3,3,0,0,0,production
2026-02-21T15:50:02.282662,3,3,0,0,0,production
2026-02-21T15:50:07.284970,3,3,0,0,0,production
2026-02-21T15:50:12.287054,3,3,0,0,0,production
2026-02-21T15:50:17.289799,3,3,0,0,0,production
2026-02-21T15:50:22.291636,3,3,0,0,0,production
2026-02-21T15:50:27.293970,3,3,0,0,0,production
2026-02-21T15:50:32.296257,3,3,0,0,0,production
2026-02-21T15:50:37.298880,3,3,0,0,0,production
2026-02-21T15:50:42.302751,3,3,0,0,0,production
2026-02-21T15:50:47.305827,3,3,0,0,0,production
2026-02-21T15:50:52.306908,3,3,0,0,0,production
2026-02-21T15:50:57.309658,3,3,0,0,0,production
2026-02-21T15:51:02.312260,3,3,0,0,0,production
2026-02-21T15:51:07.313548,3,3,0,0,0,production
2026-02-21T15:51:12.314987,3,3,0,0,0,production
2026-02-21T15:51:17.316354,3,3,0,0,0,production
2026-02-21T15:51:22.318384,3,3,0,0,0,production
2026-02-21T15:51:27.319813,3,3,0,0,0,production
2026-02-21T15:51:32.321128,3,3,0,0,0,production
2026-02-21T15:51:37.322776,3,3,0,0,0,production
2026-02-21T15:51:42.324590,3,3,0,0,0,production
2026-02-21T15:51:47.326363,3,3,0,0,0,production
2026-02-21T15:51:52.328286,3,3,0,0,0,production
2026-02-21T15:51:57.329365,3,3,0,0,0,production
2026-02-21T15:52:02.330484,3,3,0,0,0,production
2026-02-21T15:52:07.332539,3,3,0,0,0,production
2026-02-21T15:52:12.334762,3,3,0,0,0,production
2026-02-21T15:52:17.336555,3,3,0,0,0,production
2026-02-21T15:52:22.338504,3,3,0,0,0,production
2026-02-21T15:52:27.340925,3,3,0,0,0,production
2026-02-21T15:52:32.343246,3,3,0,0,0,production
2026-02-21T15:52:37.345843,3,3,0,0,0,production
2026-02-21T15:52:42.347081,3,3,0,0,0,production
2026-02-21T15:52:47.349674,3,3,0,0,0,production
2026-02-21T15:52:52.352215,3,3,0,0,0,production
2026-02-21T15:52:57.355126,3,3,0,0,0,production
2026-02-21T15:53:02.357481,3,3,0,0,0,production
2026-02-21T15:53:07.360309,3,3,0,0,0,production
2026-02-21T15:53:12.362410,3,3,0,0,0,production
2026-02-21T15:53:17.364379,3,3,0,0,0,production
2026-02-21T15:53:22.367242,3,3,0,0,0,production
2026-02-21T15:53:27.369803,3,3,0,0,0,production
2026-02-21T15:53:32.371250,3,3,0,0,0,production
2026-02-21T15:53:37.373846,3,3,0,0,0,production
2026-02-21T15:53:42.376414,3,3,0,0,0,production
2026-02-21T15:53:47.379556,3,3,0,0,0,production
2026-02-21T15:53:52.381162,3,3,0,0,0,production
2026-02-21T15:53:57.382945,3,3,0,0,0,production
2026-02-21T15:54:02.385569,3,3,0,0,0,production
2026-02-21T15:54:07.388449,3,3,0,0,0,production
2026-02-21T15:54:12.390948,3,3,0,0,0,production
2026-02-21T15:54:17.393175,3,3,0,0,0,production
2026-02-21T15:54:22.395995,3,3,0,0,0,production
2026-02-21T15:54:27.398733,3,3,0,0,0,production
2026-02-21T15:54:32.399835,3,3,0,0,0,production
2026-02-21T15:54:37.402110,3,3,0,0,0,production
2026-02-21T15:54:42.403169,3,3,0,0,0,production
2026-02-21T15:54:47.404771,3,3,0,0,0,production
2026-02-21T15:54:52.406977,3,3,0,0,0,production
2026-02-21T15:54:57.409726,3,3,0,0,0,production
2026-02-21T15:55:02.412004,3,3,0,0,0,production
2026-02-21T15:55:07.415265,3,3,0,0,0,production
2026-02-21T15:55:12.418575,3,3,0,0,0,production
2026-02-21T15:55:17.421065,3,3,0,0,0,production
2026-02-21T15:55:22.423396,3,3,0,0,0,production
2026-02-21T15:55:27.425714,3,3,0,0,0,production
2026-02-21T15:55:32.429373,3,3,0,0,0,production
2026-02-21T15:55:37.431565,3,3,0,0,0,production
2026-02-21T15:55:42.433971,3,3,0,0,0,production
2026-02-21T15:55:47.436636,3,3,0,0,0,production
2026-02-21T15:55:52.438975,3,3,0,0,0,production
2026-02-21T15:55:57.440968,3,3,0,0,0,production
2026-02-21T15:56:02.443459,3,3,0,0,0,production
2026-02-21T15:56:07.445999,3,3,0,0,0,production
2026-02-21T15:56:12.448257,3,3,0,0,0,production
2026-02-21T15:56:17.449699,3,3,0,0,0,production
2026-02-21T15:56:22.450769,3,3,0,0,0,production
2026-02-21T15:56:27.453420,3,3,0,0,0,production
2026-02-21T15:56:32.456593,3,3,0,0,0,production
2026-02-21T15:56:37.458303,3,3,0,0,0,production
2026-02-21T15:56:42.461006,3,3,0,0,0,production
2026-02-21T15:56:47.462635,3,3,0,0,0,production
2026-02-21T15:56:52.465072,3,3,0,0,0,production
2026-02-21T15:56:57.467568,3,3,0,0,0,production
2026-02-21T15:57:02.469817,3,3,0,0,0,production
2026-02-21T15:57:07.471962,3,3,0,0,0,production
2026-02-21T15:57:12.474227,3,3,0,0,0,production
2026-02-21T15:57:17.476007,3,3,0,0,0,production
2026-02-21T15:57:22.478469,3,3,0,0,0,production
2026-02-21T15:57:27.480741,3,3,0,0,0,production
2026-02-21T15:57:32.482602,3,3,0,0,0,production
2026-02-21T15:57:37.484819,3,3,0,0,0,production
2026-02-21T15:57:42.487030,3,3,0,0,0,production
2026-02-21T15:57:47.490293,3,3,0,0,0,production
2026-02-21T15:57:52.492407,3,3,0,0,0,production
2026-02-21T15:57:57.495099,3,3,0,0,0,production
2026-02-21T15:58:02.496845,3,3,0,0,0,production
2026-02-21T15:58:07.498331,3,3,0,0,0,production
2026-02-21T15:58:12.500569,3,3,0,0,0,production
2026-02-21T15:58:17.503311,3,3,0,0,0,production
2026-02-21T15:58:22.505106,3,3,0,0,0,production
2026-02-21T15:58:27.507574,3,3,0,0,0,production
2026-02-21T15:58:32.510033,3,3,0,0,0,production
2026-02-21T15:58:37.511946,3,3,0,0,0,production
2026-02-21T15:58:42.513924,3,3,0,0,0,production
2026-02-21T15:58:47.516705,3,3,0,0,0,production
2026-02-21T15:58:52.519656,3,3,0,0,0,production
2026-02-21T15:58:57.521317,3,3,0,0,0,production
2026-02-21T15:59:02.524056,3,3,0,0,0,production
2026-02-21T15:59:07.526805,3,3,0,0,0,production
2026-02-21T15:59:12.529588,3,3,0,0,0,production
2026-02-21T15:59:17.532652,3,3,0,0,0,production
2026-02-21T15:59:22.535131,3,3,0,0,0,production
2026-02-21T15:59:27.537242,3,3,0,0,0,production
2026-02-21T15:59:32.539904,3,3,0,0,0,production
2026-02-21T15:59:37.542696,3,3,0,0,0,production
2026-02-21T15:59:42.543679,3,3,0,0,0,production
2026-02-21T15:59:47.545099,3,3,0,0,0,production
2026-02-21T15:59:52.547085,3,3,0,0,0,production
2026-02-21T15:59:57.549054,3,3,0,0,0,production
2026-02-21T16:00:02.550850,3,3,0,0,0,production
2026-02-21T16:00:07.552991,3,3,0,0,0,production
2026-02-21T16:00:12.554014,3,3,0,0,0,production
2026-02-21T16:00:17.556150,3,3,0,0,0,production
2026-02-21T16:00:22.558400,3,3,0,0,0,production
2026-02-21T16:00:27.560234,3,3,0,0,0,production
2026-02-21T16:00:32.562579,3,3,0,0,0,production
2026-02-21T16:00:37.565367,3,3,0,0,0,production
2026-02-21T16:00:42.567608,3,3,0,0,0,production
2026-02-21T16:00:47.568844,3,3,0,0,0,production
2026-02-21T16:00:52.570313,3,3,0,0,0,production
2026-02-21T16:00:57.571776,3,3,0,0,0,production
2026-02-21T16:01:02.573381,3,3,0,0,0,production
2026-02-21T16:01:07.575972,3,3,0,0,0,production
2026-02-21T16:01:12.577830,3,3,0,0,0,production
2026-02-21T16:01:17.579718,3,3,0,0,0,production
2026-02-21T16:01:22.581628,3,3,0,0,0,production
2026-02-21T16:01:27.585532,3,3,0,0,0,production
2026-02-21T16:01:32.586641,3,3,0,0,0,production
2026-02-21T16:01:37.589380,3,3,0,0,0,production
2026-02-21T16:01:42.591692,3,3,0,0,0,production
2026-02-21T16:01:47.595661,3,3,0,0,0,production
2026-02-21T16:01:52.599207,3,3,0,0,0,production
2026-02-21T16:01:57.600832,3,3,0,0,0,production
2026-02-21T16:02:02.602176,3,3,0,0,0,production
2026-02-21T16:02:07.604589,3,3,0,0,0,production
2026-02-21T16:02:12.606860,3,3,0,0,0,production
2026-02-21T16:02:17.609169,3,3,0,0,0,production
2026-02-21T16:02:22.611624,3,3,0,0,0,production
2026-02-21T16:02:27.613200,3,3,0,0,0,production
2026-02-21T16:02:32.614419,3,3,0,0,0,production
2026-02-21T16:02:37.615487,3,3,0,0,0,production
2026-02-21T16:02:42.617994,3,3,0,0,0,production
2026-02-21T16:02:47.620709,3,3,0,0,0,production
2026-02-21T16:02:52.622886,3,3,0,0,0,production
2026-02-21T16:02:57.625543,3,3,0,0,0,production
2026-02-21T16:03:02.628210,3,3,0,0,0,production
2026-02-21T16:03:07.630121,3,3,0,0,0,production
2026-02-21T16:03:12.631925,3,3,0,0,0,production
2026-02-21T16:03:17.634470,3,3,0,0,0,production
2026-02-21T16:03:22.636770,3,3,0,0,0,production
2026-02-21T16:03:27.638879,3,3,0,0,0,production
2026-02-21T16:03:32.641366,3,3,0,0,0,production
2026-02-21T16:03:37.643254,3,3,0,0,0,production
2026-02-21T16:03:42.645214,3,3,0,0,0,production
2026-02-21T16:03:47.646610,3,3,0,0,0,production
2026-02-21T16:03:52.649187,3,3,0,0,0,production
2026-02-21T16:03:57.651401,3,3,0,0,0,production
2026-02-21T16:04:02.654208,3,3,0,0,0,production
2026-02-21T16:04:07.656578,3,3,0,0,0,production
2026-02-21T16:04:12.659235,3,3,0,0,0,production
2026-02-21T16:04:17.660476,3,3,0,0,0,production
2026-02-21T16:04:22.661758,3,3,0,0,0,production
2026-02-21T16:04:27.663572,3,3,0,0,0,production
2026-02-21T16:04:32.666046,3,3,0,0,0,production
2026-02-21T16:04:37.668278,3,3,0,0,0,production
2026-02-21T16:04:42.669392,3,3,0,0,0,production
2026-02-21T16:04:47.670789,3,3,0,0,0,production
2026-02-21T16:04:52.673257,3,3,0,0,0,production
2026-02-21T16:04:57.679692,3,3,0,0,0,production
2026-02-21T16:05:02.682088,3,3,0,0,0,production
2026-02-21T16:05:07.684390,3,3,0,0,0,production
2026-02-21T16:05:12.686437,3,3,0,0,0,production
2026-02-21T16:05:17.687678,3,3,0,0,0,production
2026-02-21T16:05:22.689452,3,3,0,0,0,production
2026-02-21T16:05:27.691256,3,3,0,0,0,production
2026-02-21T16:05:32.692456,3,3,0,0,0,production
2026-02-21T16:05:37.694826,3,3,0,0,0,production
2026-02-21T16:05:42.697882,3,3,0,0,0,production
2026-02-21T16:05:47.700477,3,3,0,0,0,production
2026-02-21T16:05:52.703067,3,3,0,0,0,production
2026-02-21T16:05:57.704505,3,3,0,0,0,production
2026-02-21T16:06:02.706171,3,3,0,0,0,production
2026-02-21T16:06:07.708918,3,3,0,0,0,production
2026-02-21T16:06:12.710971,3,3,0,0,0,production
2026-02-21T16:06:17.713626,3,3,0,0,0,production
2026-02-21T16:06:22.715694,3,3,0,0,0,production
2026-02-21T16:06:27.717937,3,3,0,0,0,production
2026-02-21T16:06:32.721118,3,3,0,0,0,production
2026-02-21T16:06:37.725865,3,3,0,0,0,production
2026-02-21T16:06:42.727505,3,3,0,0,0,production
2026-02-21T16:06:47.730294,3,3,0,0,0,production
2026-02-21T16:06:52.733180,3,3,0,0,0,production
2026-02-21T16:06:57.735943,3,3,0,0,0,production
2026-02-21T16:07:02.738476,3,3,0,0,0,production
2026-02-21T16:07:07.740719,3,3,0,0,0,production
2026-02-21T16:07:12.743185,3,3,0,0,0,production
2026-02-21T16:07:17.745897,3,3,0,0,0,production
2026-02-21T16:07:22.747937,3,3,0,0,0,production
2026-02-21T16:07:27.750634,3,3,0,0,0,production
2026-02-21T16:07:32.752834,3,3,0,0,0,production
2026-02-21T16:07:37.755352,3,3,0,0,0,production
2026-02-21T16:07:42.757846,3,3,0,0,0,production
2026-02-21T16:07:47.760584,3,3,0,0,0,production
2026-02-21T16:07:52.762887,3,3,0,0,0,production
2026-02-21T16:07:57.765291,3,3,0,0,0,production
2026-02-21T16:08:02.767658,3,3,0,0,0,production
2026-02-21T16:08:07.770428,3,3,0,0,0,production
2026-02-21T16:08:12.773405,3,3,0,0,0,production
2026-02-21T16:08:17.775828,3,3,0,0,0,production
2026-02-21T16:08:22.778947,3,3,0,0,0,production
2026-02-21T16:08:27.781123,3,3,0,0,0,production
2026-02-21T16:08:32.782581,3,3,0,0,0,production
2026-02-21T16:08:37.785299,3,3,0,0,0,production
2026-02-21T16:08:42.787612,3,3,0,0,0,production
2026-02-21T16:08:47.789969,3,3,0,0,0,production
2026-02-21T16:08:52.791468,3,3,0,0,0,production
2026-02-21T16:08:57.794001,3,3,0,0,0,production
2026-02-21T16:09:02.798670,3,3,0,0,0,production
2026-02-21T16:09:07.800935,3,3,0,0,0,production
2026-02-21T16:09:12.802227,3,3,0,0,0,production
2026-02-21T16:09:17.804519,3,3,0,0,0,production
2026-02-21T16:09:22.806826,3,3,0,0,0,production
2026-02-21T16:09:27.808387,3,3,0,0,0,production
2026-02-21T16:09:32.809813,3,3,0,0,0,production
2026-02-21T16:09:37.811684,3,3,0,0,0,production
2026-02-21T16:09:42.814203,3,3,0,0,0,production
2026-02-21T16:09:47.816007,3,3,0,0,0,production
2026-02-21T16:09:52.817413,3,3,0,0,0,production
2026-02-21T16:09:57.819239,3,3,0,0,0,production
2026-02-21T16:10:02.820466,3,3,0,0,0,production
2026-02-21T16:10:07.822444,3,3,0,0,0,production
2026-02-21T16:10:12.824205,3,3,0,0,0,production
2026-02-21T16:10:17.825675,3,3,0,0,0,production
2026-02-21T16:10:22.827240,3,3,0,0,0,production
2026-02-21T16:10:27.828682,3,3,0,0,0,production
2026-02-21T16:10:32.830424,3,3,0,0,0,production
2026-02-21T16:10:37.832998,3,3,0,0,0,production
2026-02-21T16:10:42.835480,3,3,0,0,0,production
2026-02-21T16:10:47.837530,3,3,0,0,0,production
2026-02-21T16:10:52.839773,3,3,0,0,0,production
2026-02-21T16:10:57.842753,3,3,0,0,0,production
2026-02-21T16:11:02.844320,3,3,0,0,0,production
2026-02-21T16:11:07.845714,3,3,0,0,0,production
2026-02-21T16:11:12.847326,3,3,0,0,0,production
2026-02-21T16:11:17.849735,3,3,0,0,0,production
2026-02-21T16:11:22.852021,3,3,0,0,0,production
2026-02-21T16:11:27.855190,3,3,0,0,0,production
2026-02-21T16:11:32.857300,3,3,0,0,0,production
2026-02-21T16:11:37.858830,3,3,0,0,0,production
2026-02-21T16:11:42.861340,3,3,0,0,0,production
2026-02-21T16:11:47.863598,3,3,0,0,0,production
2026-02-21T16:11:52.865669,3,3,0,0,0,production
2026-02-21T16:11:57.867487,3,3,0,0,0,production
2026-02-21T16:12:02.870105,3,3,0,0,0,production
2026-02-21T16:12:07.872651,3,3,0,0,0,production
2026-02-21T16:12:12.874836,3,3,0,0,0,production
2026-02-21T16:12:17.877487,3,3,0,0,0,production
2026-02-21T16:12:22.879904,3,3,0,0,0,production
2026-02-21T16:12:27.881551,3,3,0,0,0,production
2026-02-21T16:12:32.882832,3,3,0,0,0,production
2026-02-21T16:12:37.885142,3,3,0,0,0,production
2026-02-21T16:12:42.887134,3,3,0,0,0,production
2026-02-21T16:12:47.890377,3,3,0,0,0,production
2026-02-21T16:12:52.893293,3,3,0,0,0,production
2026-02-21T16:12:57.895979,3,3,0,0,0,production
2026-02-21T16:13:02.899296,3,3,0,0,0,production
2026-02-21T16:13:07.902003,3,3,0,0,0,production
2026-02-21T16:13:12.904371,3,3,0,0,0,production
2026-02-21T16:13:17.906640,3,3,0,0,0,production
2026-02-21T16:13:22.908632,3,3,0,0,0,production
2026-02-21T16:13:27.910944,3,3,0,0,0,production
2026-02-21T16:13:32.914733,3,3,0,0,0,production
2026-02-21T16:13:37.916093,3,3,0,0,0,production
2026-02-21T16:13:42.918366,3,3,0,0,0,production
2026-02-21T16:13:47.921232,3,3,0,0,0,production
2026-02-21T16:13:52.923172,3,3,0,0,0,production
2026-02-21T16:13:57.925751,3,3,0,0,0,production
2026-02-21T16:14:02.926926,3,3,0,0,0,production
2026-02-21T16:14:07.929801,3,3,0,0,0,production
2026-02-21T16:14:12.932566,3,3,0,0,0,production
2026-02-21T16:14:17.935885,3,3,0,0,0,production
2026-02-21T16:14:22.938618,3,3,0,0,0,production
2026-02-21T16:14:27.941221,3,3,0,0,0,production
2026-02-21T16:14:32.944943,3,3,0,0,0,production
2026-02-21T16:14:37.947371,3,3,0,0,0,production
2026-02-21T16:14:42.949123,3,3,0,0,0,production
2026-02-21T16:14:47.951632,3,3,0,0,0,production
2026-02-21T16:14:52.952890,3,3,0,0,0,production
2026-02-21T16:14:57.954831,3,3,0,0,0,production
2026-02-21T16:15:02.956439,3,3,0,0,0,production
2026-02-21T16:15:07.958876,3,3,0,0,0,production
2026-02-21T16:15:12.960991,3,3,0,0,0,production
2026-02-21T16:15:17.962337,3,3,0,0,0,production
2026-02-21T16:15:22.964480,3,3,0,0,0,production
2026-02-21T16:15:27.966247,3,3,0,0,0,production
2026-03-06T12:28:37.667002,3,3,0,0,0,production
2026-03-06T12:28:42.674938,3,3,0,0,0,production
2026-03-06T12:28:47.690459,3,3,0,0,0,production
2026-03-06T12:28:52.693520,3,3,0,0,0,production
2026-03-06T12:28:57.705414,3,3,0,0,0,production
2026-03-06T12:29:02.717703,3,3,0,0,0,production
2026-03-06T12:29:07.725852,3,3,0,0,0,production
2026-03-06T12:29:12.731493,3,3,0,0,0,production
2026-03-06T12:29:17.743892,3,3,0,0,0,production
2026-03-06T12:29:22.752674,3,3,0,0,0,production
2026-03-06T12:29:27.764545,3,3,0,0,0,production
2026-03-06T12:29:32.777402,3,3,0,0,0,production
2026-03-06T12:29:37.784748,3,3,0,0,0,production
2026-03-06T12:29:42.797643,3,3,0,0,0,production
2026-03-06T12:29:47.804678,3,3,0,0,0,production
2026-03-06T12:29:52.811655,3,3,0,0,0,production
2026-03-06T12:29:57.827680,3,3,0,0,0,production
2026-03-06T12:30:02.840317,3,3,0,0,0,production
2026-03-06T12:30:07.847811,3,3,0,0,0,production
2026-03-06T12:30:12.851709,3,3,0,0,0,production
2026-03-06T12:30:17.858941,3,3,0,0,0,production
2026-03-06T12:30:22.875861,3,3,0,0,0,production
2026-03-06T12:30:27.890939,3,3,0,0,0,production
2026-03-06T12:30:32.907243,3,3,0,0,0,production
2026-03-06T12:30:37.909840,3,3,0,0,0,production
2026-03-06T12:30:42.913367,3,3,0,0,0,production
2026-03-06T12:30:47.929892,3,3,0,0,0,production
2026-03-06T12:30:52.933830,3,3,0,0,0,production
2026-03-06T12:30:57.949394,3,3,0,0,0,production
2026-03-06T12:31:02.962103,3,3,0,0,0,production
2026-03-06T12:31:07.968324,3,3,0,0,0,production
2026-03-06T12:31:12.971743,3,3,0,0,0,production
2026-03-06T12:31:17.982478,3,3,0,0,0,production
2026-03-06T12:31:22.995589,3,3,0,0,0,production
2026-03-06T12:31:27.998555,3,3,0,0,0,production
2026-03-06T12:31:33.012184,3,3,0,0,0,production
2026-03-06T12:31:38.026297,3,3,0,0,0,production
2026-03-06T12:31:43.036771,3,3,0,0,0,production
2026-03-06T12:31:48.044714,3,3,0,0,0,production
2026-03-06T12:31:53.055646,3,3,0,0,0,production
2026-03-06T12:31:58.064142,3,3,0,0,0,production
2026-03-06T12:32:03.075621,3,3,0,0,0,production
2026-03-06T12:32:08.084740,3,3,0,0,0,production
2026-03-06T12:32:13.093018,3,3,0,0,0,production
2026-03-06T12:32:18.108757,3,3,0,0,0,production
2026-03-06T12:32:23.123351,3,3,0,0,0,production
2026-03-06T12:32:28.136398,3,3,0,0,0,production
2026-03-06T12:32:33.140706,3,3,0,0,0,production
2026-03-06T12:32:38.142810,3,3,0,0,0,production
2026-03-06T12:32:43.152116,3,3,0,0,0,production
2026-03-06T12:32:48.154453,3,3,0,0,0,production
2026-03-06T12:32:53.160402,3,3,0,0,0,production
2026-03-06T12:32:58.172975,3,3,0,0,0,production
2026-03-06T12:33:03.189786,3,3,0,0,0,production
2026-03-06T12:33:08.204366,3,3,0,0,0,production
2026-03-06T12:33:13.214178,3,3,0,0,0,production
2026-03-06T12:33:18.218675,3,3,0,0,0,production
2026-03-06T12:33:23.236406,3,3,0,0,0,production
2026-03-06T12:33:28.243144,3,3,0,0,0,production
2026-03-06T12:33:33.254034,3,3,0,0,0,production
2026-03-06T12:33:38.270147,3,3,0,0,0,production
2026-03-06T12:33:43.281602,3,3,0,0,0,production
2026-03-06T12:33:48.284659,3,3,0,0,0,production
2026-03-06T12:33:53.297807,3,3,0,0,0,production
2026-03-06T12:33:58.307022,3,3,0,0,0,production
2026-03-06T12:34:03.316162,3,3,0,0,0,production
2026-03-06T12:34:08.332066,3,3,0,0,0,production
